[
    {
      "id": 1,
      "titulo": "Todo-list",
      "descripcion": "https://github.com/ionySoifer/Todo-list"
    },
    {
      "id": 2,
      "titulo": "Catalogo de productos",
      "descripcion":  "https://github.com/MatiasBurecovics/TPCatalogodeProductos"
    },
    {
      "id": 3,
      "titulo": "Título de la creación 3",
      "descripcion": "https://www.ejemplo.com/creacion3"
    },
    {
      "id": 4,
      "titulo": "Título de la creación 4 ",
      "descripcion": "https://www.ejemplo.com/creacion4"
    },
    {
      "id": 5,
      "titulo": "Título de la creación 5",
      "descripcion": "https://www.ejemplo.com/creacion5"
    },
    {
      "id": 6,
      "titulo": "Título de la creación 6",
      "descripcion": "https://www.ejemplo.com/creacion6"
    }
  ]
  